date,futon0,futon1,futon1a,futon1b,futon1bi,futon2,futon2a,futon3,futon3a,futon3b,futon3c,futon4,futon5,futon5a,futon6,futon7,futon7a,futonY,mathlib4,p4ng,war_machine,war_machine_lean,everything_else
2026-07-21,0,0,0,0,0,15,0,1,0,0,0,0,30,2,0,0,0,,0,2,15,0,35
2026-07-22,25,0,0,0,0,16,0,0,0,0,33,1,0,3,2,0,0,,0,2,16,0,66
2026-07-23,1,0,0,21,0,5,0,0,1,0,13,1,2,1,1,0,0,,0,1,5,0,42
2026-07-24,0,0,0,1,0,3,0,0,0,0,11,0,0,0,0,0,0,,0,0,3,0,12
2026-07-25,0,0,0,0,0,17,0,0,0,0,17,0,0,0,0,0,0,,0,3,17,0,20
2026-07-26,0,0,0,6,0,3,0,0,0,0,34,0,0,0,0,0,0,,0,0,3,0,40
2026-07-27,0,0,0,0,0,16,0,1,0,0,19,7,10,0,1,0,0,,0,5,16,0,43
2026-07-28,0,0,0,0,0,0,0,0,0,0,9,0,17,0,0,0,0,,0,0,0,0,26
2026-07-29,0,0,0,0,0,0,0,0,0,0,17,0,8,0,0,0,0,,0,0,0,0,25
2026-07-30,0,0,0,0,0,0,0,0,0,0,108,0,26,0,0,0,0,,0,0,0,0,134
2026-07-31,0,0,0,2,0,2,0,0,0,0,10,0,0,1,0,0,0,,0,18,2,0,31
2026-08-01,0,0,0,0,0,29,0,1,0,0,47,0,2,0,8,0,0,,0,2,29,0,60
2026-08-02,0,0,0,7,0,26,0,0,0,0,48,0,0,0,15,0,0,,0,0,26,0,70
2026-08-03,0,0,0,1,0,0,0,0,0,0,82,0,58,0,0,0,0,,0,0,0,0,141
2026-08-04,0,0,0,0,0,0,0,1,0,3,47,0,23,0,0,0,0,,0,0,0,0,74
2026-08-05,0,0,0,3,0,0,0,0,0,0,7,0,0,0,4,0,0,,0,0,0,0,14
2026-08-06,1,0,0,1,0,0,0,0,0,0,9,0,0,0,10,0,0,,0,0,0,0,21
2026-08-07,0,0,0,0,0,0,0,1,0,0,16,0,3,0,28,0,0,,0,0,0,0,48
2026-08-08,0,0,0,0,0,0,0,2,0,0,7,0,4,0,17,0,0,,0,0,0,0,30
2026-08-09,0,0,0,0,0,0,0,2,0,0,1,0,3,0,2,0,0,,0,0,0,0,8
2026-08-10,0,0,0,2,0,0,0,2,0,0,40,0,9,0,5,0,0,,0,0,0,0,58
2026-08-11,0,0,0,0,0,0,0,0,0,0,36,0,0,0,0,0,0,,0,0,0,0,36
2026-08-12,1,0,0,0,0,0,0,2,0,0,35,0,0,0,0,0,0,,0,0,0,0,38
2026-08-13,3,0,0,7,0,0,0,5,0,0,15,0,0,0,6,0,0,,0,0,0,0,36
2026-08-14,8,0,0,4,0,2,0,8,3,0,121,1,4,1,6,3,0,,0,0,2,0,159
2026-08-15,2,0,0,2,0,0,0,12,0,0,143,4,2,0,0,1,0,,0,0,0,0,166
2026-08-16,0,0,0,0,0,0,0,1,0,0,137,0,0,0,0,0,0,,0,0,0,0,138
2026-08-17,9,0,0,11,0,0,0,16,4,0,82,3,0,0,0,0,0,,0,0,0,0,125
2026-08-18,0,0,0,4,0,0,0,0,0,0,73,0,0,0,0,0,0,,0,0,0,0,77
2026-08-19,16,0,0,12,0,0,0,0,0,0,94,0,0,1,0,1,1,,0,0,0,0,125
2026-08-20,7,0,0,0,0,10,0,0,0,0,99,3,0,0,7,0,0,,0,0,10,0,116
2026-08-21,13,0,0,1,0,6,0,0,0,0,45,0,0,3,3,0,0,,0,1,6,0,66
2026-08-22,25,0,0,0,0,1,0,0,0,0,120,0,3,0,0,0,0,,0,20,1,0,168
2026-08-23,0,0,0,38,0,0,0,21,0,0,163,0,3,0,0,0,0,,0,13,0,0,238
2026-08-24,0,0,0,0,0,0,0,10,0,0,107,0,0,0,0,0,2,,0,1,0,0,120
2026-08-25,13,0,0,4,0,6,0,10,1,1,68,0,2,2,2,1,1,,0,27,6,0,132
2026-08-26,6,0,0,0,0,13,0,3,2,0,159,0,0,1,1,0,0,,4,23,13,4,195
2026-08-27,2,0,0,0,0,21,0,16,0,0,98,1,0,0,0,0,0,,11,35,21,11,152
2026-08-28,5,0,0,1,0,19,0,2,0,0,83,0,0,0,0,0,0,,1,1,19,1,92
2026-08-29,0,0,0,0,0,0,0,0,0,0,21,13,0,0,0,0,0,,0,0,0,0,34
2026-08-30,1,0,0,0,0,248,0,28,0,0,74,42,0,0,0,0,0,,38,8,248,38,153
2026-08-31,2,0,0,0,0,561,0,9,0,0,59,2,3,0,0,0,0,,102,262,561,102,337
2026-09-01,7,0,0,0,0,551,0,38,0,0,75,0,0,0,0,0,0,,26,103,551,26,223
2026-09-02,0,0,0,0,0,402,0,98,0,0,47,7,0,0,0,1,0,,2,223,402,2,376
2026-09-03,0,0,0,0,0,257,0,0,0,0,48,0,0,0,0,0,0,,12,55,257,12,103
2026-09-04,0,0,0,0,0,173,0,0,0,0,22,0,0,0,0,0,0,,10,95,173,10,117
2026-09-05,0,0,0,0,0,346,0,21,0,0,30,0,0,0,0,0,0,,21,82,346,21,133
2026-09-06,0,0,0,0,0,117,0,14,0,0,87,0,0,0,0,0,0,,4,27,117,4,128
2026-09-07,2,0,0,1,0,209,0,2,0,0,28,0,0,0,0,0,0,,39,63,209,39,96
2026-09-08,0,0,0,5,0,335,0,8,0,0,35,0,0,0,0,0,0,,13,66,335,13,114
2026-09-09,2,0,0,0,0,141,0,16,0,0,22,0,0,0,0,0,0,,14,20,141,14,60
2026-09-10,0,0,0,0,0,47,0,4,0,0,106,0,0,0,0,0,0,,0,10,47,0,120
2026-09-11,1,0,0,10,0,66,0,0,0,0,228,0,0,0,0,0,0,,1,2,66,1,241
2026-09-12,1,0,0,1,0,426,0,2,0,0,74,0,0,0,0,0,0,,63,14,426,63,92
2026-09-13,0,0,0,0,0,576,0,0,0,0,64,0,1,0,0,0,0,,37,18,576,37,83
2026-09-14,1,0,0,0,0,193,0,4,0,0,35,0,0,0,0,0,0,,2,5,193,2,45
2026-09-15,0,0,0,0,0,163,0,9,0,0,8,0,0,0,0,0,0,,5,57,163,5,74
2026-09-16,1,0,0,0,0,121,0,7,0,0,2,0,0,0,1,0,0,,72,202,121,72,213
2026-09-17,0,0,0,0,0,97,0,5,0,0,33,0,0,0,30,0,0,,5,46,97,5,114
2026-09-18,2,0,0,0,0,109,1,2,0,0,5,0,3,0,1,0,0,,8,84,109,8,98
2026-09-19,0,0,0,0,0,181,0,6,0,0,40,0,0,0,5,0,0,,2,91,181,2,142
2026-09-20,0,0,0,0,0,151,0,0,0,0,6,2,1,1,20,0,0,,9,8,151,9,38
2026-09-21,0,0,0,0,0,171,0,0,0,0,1,0,0,0,0,0,0,,4,12,171,4,13
