week,week_start,kind,unit,presence,produced,survived,survived_known,survived_unknown_produced,used,used_known,used_unknown_produced
2026-W31,2026-07-27,idea_docs,files,all,21,21,21,0,17,17,0
2026-W31,2026-07-27,idea_docs,files,operator-present-proxy,21,21,21,0,17,17,0
2026-W31,2026-07-27,idea_docs,files,operator-absent-proxy,0,0,0,0,0,0,0
2026-W31,2026-07-27,idea_docs,files,unknown-after-gap-cutoff,0,0,0,0,0,0,0
2026-W31,2026-07-27,idea_claude_sections,sections,all,0,0,0,0,0,0,0
2026-W31,2026-07-27,idea_claude_sections,sections,operator-present-proxy,0,0,0,0,0,0,0
2026-W31,2026-07-27,idea_claude_sections,sections,operator-absent-proxy,0,0,0,0,0,0,0
2026-W31,2026-07-27,idea_claude_sections,sections,unknown-after-gap-cutoff,0,0,0,0,0,0,0
2026-W31,2026-07-27,idea_memory_files,files,all,,,,,,,
2026-W31,2026-07-27,idea_memory_files,files,operator-present-proxy,,,,,,,
2026-W31,2026-07-27,idea_memory_files,files,operator-absent-proxy,,,,,,,
2026-W31,2026-07-27,idea_memory_files,files,unknown-after-gap-cutoff,,,,,,,
2026-W31,2026-07-27,code_lines,lines,all,6425,4706,4706,0,3004,3004,0
2026-W31,2026-07-27,code_lines,lines,operator-present-proxy,6425,4706,4706,0,3004,3004,0
2026-W31,2026-07-27,code_lines,lines,operator-absent-proxy,0,0,0,0,0,0,0
2026-W31,2026-07-27,code_lines,lines,unknown-after-gap-cutoff,0,0,0,0,0,0,0
2026-W31,2026-07-27,validated_test_files,files,all,28,26,26,0,26,26,0
2026-W31,2026-07-27,validated_test_files,files,operator-present-proxy,28,26,26,0,26,26,0
2026-W31,2026-07-27,validated_test_files,files,operator-absent-proxy,0,0,0,0,0,0,0
2026-W31,2026-07-27,validated_test_files,files,unknown-after-gap-cutoff,0,0,0,0,0,0,0
2026-W31,2026-07-27,validated_lean_files,files,all,22,22,22,0,22,22,0
2026-W31,2026-07-27,validated_lean_files,files,operator-present-proxy,22,22,22,0,22,22,0
2026-W31,2026-07-27,validated_lean_files,files,operator-absent-proxy,0,0,0,0,0,0,0
2026-W31,2026-07-27,validated_lean_files,files,unknown-after-gap-cutoff,0,0,0,0,0,0,0
2026-W31,2026-07-27,paper_commits,commits,all,2,0,0,0,,,2
2026-W31,2026-07-27,paper_commits,commits,operator-present-proxy,2,0,0,0,,,2
2026-W31,2026-07-27,paper_commits,commits,operator-absent-proxy,0,0,0,0,,,0
2026-W31,2026-07-27,paper_commits,commits,unknown-after-gap-cutoff,0,0,0,0,,,0
2026-W31,2026-07-27,paper_lines,lines,all,288,0,0,0,,,288
2026-W31,2026-07-27,paper_lines,lines,operator-present-proxy,288,0,0,0,,,288
2026-W31,2026-07-27,paper_lines,lines,operator-absent-proxy,0,0,0,0,,,0
2026-W31,2026-07-27,paper_lines,lines,unknown-after-gap-cutoff,0,0,0,0,,,0
2026-W31,2026-07-27,discarded_revert_commits,commits,all,1,,,1,,,1
2026-W31,2026-07-27,discarded_revert_commits,commits,operator-present-proxy,1,,,1,,,1
2026-W31,2026-07-27,discarded_revert_commits,commits,operator-absent-proxy,0,,,0,,,0
2026-W31,2026-07-27,discarded_revert_commits,commits,unknown-after-gap-cutoff,0,,,0,,,0
2026-W31,2026-07-27,discarded_deleted_new_files,files,all,24,,,24,,,24
2026-W31,2026-07-27,discarded_deleted_new_files,files,operator-present-proxy,24,,,24,,,24
2026-W31,2026-07-27,discarded_deleted_new_files,files,operator-absent-proxy,0,,,0,,,0
2026-W31,2026-07-27,discarded_deleted_new_files,files,unknown-after-gap-cutoff,0,,,0,,,0
2026-W31,2026-07-27,discarded_isolated_cluster_files,files,all,0,,,0,,,0
2026-W31,2026-07-27,discarded_isolated_cluster_files,files,operator-present-proxy,0,,,0,,,0
2026-W31,2026-07-27,discarded_isolated_cluster_files,files,operator-absent-proxy,0,,,0,,,0
2026-W31,2026-07-27,discarded_isolated_cluster_files,files,unknown-after-gap-cutoff,0,,,0,,,0
2026-W31,2026-07-27,missing_without_observed_deletion,files,all,0,,,0,,,0
2026-W31,2026-07-27,missing_without_observed_deletion,files,operator-present-proxy,0,,,0,,,0
2026-W31,2026-07-27,missing_without_observed_deletion,files,operator-absent-proxy,0,,,0,,,0
2026-W31,2026-07-27,missing_without_observed_deletion,files,unknown-after-gap-cutoff,0,,,0,,,0
2026-W32,2026-08-03,idea_docs,files,all,52,51,51,0,32,32,0
2026-W32,2026-08-03,idea_docs,files,operator-present-proxy,52,51,51,0,32,32,0
2026-W32,2026-08-03,idea_docs,files,operator-absent-proxy,0,0,0,0,0,0,0
2026-W32,2026-08-03,idea_docs,files,unknown-after-gap-cutoff,0,0,0,0,0,0,0
2026-W32,2026-08-03,idea_claude_sections,sections,all,0,0,0,0,0,0,0
2026-W32,2026-08-03,idea_claude_sections,sections,operator-present-proxy,0,0,0,0,0,0,0
2026-W32,2026-08-03,idea_claude_sections,sections,operator-absent-proxy,0,0,0,0,0,0,0
2026-W32,2026-08-03,idea_claude_sections,sections,unknown-after-gap-cutoff,0,0,0,0,0,0,0
2026-W32,2026-08-03,idea_memory_files,files,all,,,,,,,
2026-W32,2026-08-03,idea_memory_files,files,operator-present-proxy,,,,,,,
2026-W32,2026-08-03,idea_memory_files,files,operator-absent-proxy,,,,,,,
2026-W32,2026-08-03,idea_memory_files,files,unknown-after-gap-cutoff,,,,,,,
2026-W32,2026-08-03,code_lines,lines,all,5739,,5055,249,,3870,249
2026-W32,2026-08-03,code_lines,lines,operator-present-proxy,5687,,5024,249,,3849,249
2026-W32,2026-08-03,code_lines,lines,operator-absent-proxy,52,31,31,0,21,21,0
2026-W32,2026-08-03,code_lines,lines,unknown-after-gap-cutoff,0,0,0,0,0,0,0
2026-W32,2026-08-03,validated_test_files,files,all,37,35,35,0,35,35,0
2026-W32,2026-08-03,validated_test_files,files,operator-present-proxy,31,29,29,0,29,29,0
2026-W32,2026-08-03,validated_test_files,files,operator-absent-proxy,6,6,6,0,6,6,0
2026-W32,2026-08-03,validated_test_files,files,unknown-after-gap-cutoff,0,0,0,0,0,0,0
2026-W32,2026-08-03,validated_lean_files,files,all,309,309,309,0,,5,1
2026-W32,2026-08-03,validated_lean_files,files,operator-present-proxy,309,309,309,0,,5,1
2026-W32,2026-08-03,validated_lean_files,files,operator-absent-proxy,0,0,0,0,0,0,0
2026-W32,2026-08-03,validated_lean_files,files,unknown-after-gap-cutoff,0,0,0,0,0,0,0
2026-W32,2026-08-03,paper_commits,commits,all,7,2,2,0,,,7
2026-W32,2026-08-03,paper_commits,commits,operator-present-proxy,7,2,2,0,,,7
2026-W32,2026-08-03,paper_commits,commits,operator-absent-proxy,0,0,0,0,,,0
2026-W32,2026-08-03,paper_commits,commits,unknown-after-gap-cutoff,0,0,0,0,,,0
2026-W32,2026-08-03,paper_lines,lines,all,19935,2097,2097,0,,,19935
2026-W32,2026-08-03,paper_lines,lines,operator-present-proxy,19935,2097,2097,0,,,19935
2026-W32,2026-08-03,paper_lines,lines,operator-absent-proxy,0,0,0,0,,,0
2026-W32,2026-08-03,paper_lines,lines,unknown-after-gap-cutoff,0,0,0,0,,,0
2026-W32,2026-08-03,discarded_revert_commits,commits,all,2,,,2,,,2
2026-W32,2026-08-03,discarded_revert_commits,commits,operator-present-proxy,2,,,2,,,2
2026-W32,2026-08-03,discarded_revert_commits,commits,operator-absent-proxy,0,,,0,,,0
2026-W32,2026-08-03,discarded_revert_commits,commits,unknown-after-gap-cutoff,0,,,0,,,0
2026-W32,2026-08-03,discarded_deleted_new_files,files,all,199,,,199,,,199
2026-W32,2026-08-03,discarded_deleted_new_files,files,operator-present-proxy,198,,,198,,,198
2026-W32,2026-08-03,discarded_deleted_new_files,files,operator-absent-proxy,1,,,1,,,1
2026-W32,2026-08-03,discarded_deleted_new_files,files,unknown-after-gap-cutoff,0,,,0,,,0
2026-W32,2026-08-03,discarded_isolated_cluster_files,files,all,0,,,0,,,0
2026-W32,2026-08-03,discarded_isolated_cluster_files,files,operator-present-proxy,0,,,0,,,0
2026-W32,2026-08-03,discarded_isolated_cluster_files,files,operator-absent-proxy,0,,,0,,,0
2026-W32,2026-08-03,discarded_isolated_cluster_files,files,unknown-after-gap-cutoff,0,,,0,,,0
2026-W32,2026-08-03,missing_without_observed_deletion,files,all,19,,,19,,,19
2026-W32,2026-08-03,missing_without_observed_deletion,files,operator-present-proxy,19,,,19,,,19
2026-W32,2026-08-03,missing_without_observed_deletion,files,operator-absent-proxy,0,,,0,,,0
2026-W32,2026-08-03,missing_without_observed_deletion,files,unknown-after-gap-cutoff,0,,,0,,,0
2026-W33,2026-08-10,idea_docs,files,all,47,46,46,0,28,28,0
2026-W33,2026-08-10,idea_docs,files,operator-present-proxy,46,45,45,0,27,27,0
2026-W33,2026-08-10,idea_docs,files,operator-absent-proxy,1,1,1,0,1,1,0
2026-W33,2026-08-10,idea_docs,files,unknown-after-gap-cutoff,0,0,0,0,0,0,0
2026-W33,2026-08-10,idea_claude_sections,sections,all,1,1,1,0,0,0,0
2026-W33,2026-08-10,idea_claude_sections,sections,operator-present-proxy,1,1,1,0,0,0,0
2026-W33,2026-08-10,idea_claude_sections,sections,operator-absent-proxy,0,0,0,0,0,0,0
2026-W33,2026-08-10,idea_claude_sections,sections,unknown-after-gap-cutoff,0,0,0,0,0,0,0
2026-W33,2026-08-10,idea_memory_files,files,all,,,,,,,
2026-W33,2026-08-10,idea_memory_files,files,operator-present-proxy,,,,,,,
2026-W33,2026-08-10,idea_memory_files,files,operator-absent-proxy,,,,,,,
2026-W33,2026-08-10,idea_memory_files,files,unknown-after-gap-cutoff,,,,,,,
2026-W33,2026-08-10,code_lines,lines,all,9698,,6353,1283,,5910,1283
2026-W33,2026-08-10,code_lines,lines,operator-present-proxy,9583,,6246,1283,,5803,1283
2026-W33,2026-08-10,code_lines,lines,operator-absent-proxy,115,107,107,0,107,107,0
2026-W33,2026-08-10,code_lines,lines,unknown-after-gap-cutoff,0,0,0,0,0,0,0
2026-W33,2026-08-10,validated_test_files,files,all,33,17,17,0,17,17,0
2026-W33,2026-08-10,validated_test_files,files,operator-present-proxy,22,17,17,0,17,17,0
2026-W33,2026-08-10,validated_test_files,files,operator-absent-proxy,11,0,0,0,0,0,0
2026-W33,2026-08-10,validated_test_files,files,unknown-after-gap-cutoff,0,0,0,0,0,0,0
2026-W33,2026-08-10,validated_lean_files,files,all,5,5,5,0,4,4,0
2026-W33,2026-08-10,validated_lean_files,files,operator-present-proxy,5,5,5,0,4,4,0
2026-W33,2026-08-10,validated_lean_files,files,operator-absent-proxy,0,0,0,0,0,0,0
2026-W33,2026-08-10,validated_lean_files,files,unknown-after-gap-cutoff,0,0,0,0,0,0,0
2026-W33,2026-08-10,paper_commits,commits,all,11,2,2,0,,,11
2026-W33,2026-08-10,paper_commits,commits,operator-present-proxy,11,2,2,0,,,11
2026-W33,2026-08-10,paper_commits,commits,operator-absent-proxy,0,0,0,0,,,0
2026-W33,2026-08-10,paper_commits,commits,unknown-after-gap-cutoff,0,0,0,0,,,0
2026-W33,2026-08-10,paper_lines,lines,all,100,9,9,0,,,100
2026-W33,2026-08-10,paper_lines,lines,operator-present-proxy,100,9,9,0,,,100
2026-W33,2026-08-10,paper_lines,lines,operator-absent-proxy,0,0,0,0,,,0
2026-W33,2026-08-10,paper_lines,lines,unknown-after-gap-cutoff,0,0,0,0,,,0
2026-W33,2026-08-10,discarded_revert_commits,commits,all,3,,,3,,,3
2026-W33,2026-08-10,discarded_revert_commits,commits,operator-present-proxy,2,,,2,,,2
2026-W33,2026-08-10,discarded_revert_commits,commits,operator-absent-proxy,1,,,1,,,1
2026-W33,2026-08-10,discarded_revert_commits,commits,unknown-after-gap-cutoff,0,,,0,,,0
2026-W33,2026-08-10,discarded_deleted_new_files,files,all,185,,,185,,,185
2026-W33,2026-08-10,discarded_deleted_new_files,files,operator-present-proxy,173,,,173,,,173
2026-W33,2026-08-10,discarded_deleted_new_files,files,operator-absent-proxy,12,,,12,,,12
2026-W33,2026-08-10,discarded_deleted_new_files,files,unknown-after-gap-cutoff,0,,,0,,,0
2026-W33,2026-08-10,discarded_isolated_cluster_files,files,all,0,,,0,,,0
2026-W33,2026-08-10,discarded_isolated_cluster_files,files,operator-present-proxy,0,,,0,,,0
2026-W33,2026-08-10,discarded_isolated_cluster_files,files,operator-absent-proxy,0,,,0,,,0
2026-W33,2026-08-10,discarded_isolated_cluster_files,files,unknown-after-gap-cutoff,0,,,0,,,0
2026-W33,2026-08-10,missing_without_observed_deletion,files,all,377,,,377,,,377
2026-W33,2026-08-10,missing_without_observed_deletion,files,operator-present-proxy,44,,,44,,,44
2026-W33,2026-08-10,missing_without_observed_deletion,files,operator-absent-proxy,333,,,333,,,333
2026-W33,2026-08-10,missing_without_observed_deletion,files,unknown-after-gap-cutoff,0,,,0,,,0
2026-W34,2026-08-17,idea_docs,files,all,36,36,36,0,29,29,0
2026-W34,2026-08-17,idea_docs,files,operator-present-proxy,36,36,36,0,29,29,0
2026-W34,2026-08-17,idea_docs,files,operator-absent-proxy,0,0,0,0,0,0,0
2026-W34,2026-08-17,idea_docs,files,unknown-after-gap-cutoff,0,0,0,0,0,0,0
2026-W34,2026-08-17,idea_claude_sections,sections,all,0,0,0,0,0,0,0
2026-W34,2026-08-17,idea_claude_sections,sections,operator-present-proxy,0,0,0,0,0,0,0
2026-W34,2026-08-17,idea_claude_sections,sections,operator-absent-proxy,0,0,0,0,0,0,0
2026-W34,2026-08-17,idea_claude_sections,sections,unknown-after-gap-cutoff,0,0,0,0,0,0,0
2026-W34,2026-08-17,idea_memory_files,files,all,,,,,,,
2026-W34,2026-08-17,idea_memory_files,files,operator-present-proxy,,,,,,,
2026-W34,2026-08-17,idea_memory_files,files,operator-absent-proxy,,,,,,,
2026-W34,2026-08-17,idea_memory_files,files,unknown-after-gap-cutoff,,,,,,,
2026-W34,2026-08-17,code_lines,lines,all,31267,,23228,482,,19500,482
2026-W34,2026-08-17,code_lines,lines,operator-present-proxy,30288,,22379,462,,18751,462
2026-W34,2026-08-17,code_lines,lines,operator-absent-proxy,979,,849,20,,749,20
2026-W34,2026-08-17,code_lines,lines,unknown-after-gap-cutoff,0,0,0,0,0,0,0
2026-W34,2026-08-17,validated_test_files,files,all,106,102,102,0,102,102,0
2026-W34,2026-08-17,validated_test_files,files,operator-present-proxy,100,96,96,0,96,96,0
2026-W34,2026-08-17,validated_test_files,files,operator-absent-proxy,6,6,6,0,6,6,0
2026-W34,2026-08-17,validated_test_files,files,unknown-after-gap-cutoff,0,0,0,0,0,0,0
2026-W34,2026-08-17,validated_lean_files,files,all,42,40,40,0,33,33,0
2026-W34,2026-08-17,validated_lean_files,files,operator-present-proxy,41,39,39,0,32,32,0
2026-W34,2026-08-17,validated_lean_files,files,operator-absent-proxy,1,1,1,0,1,1,0
2026-W34,2026-08-17,validated_lean_files,files,unknown-after-gap-cutoff,0,0,0,0,0,0,0
2026-W34,2026-08-17,paper_commits,commits,all,40,12,12,0,,,40
2026-W34,2026-08-17,paper_commits,commits,operator-present-proxy,39,12,12,0,,,39
2026-W34,2026-08-17,paper_commits,commits,operator-absent-proxy,1,0,0,0,,,1
2026-W34,2026-08-17,paper_commits,commits,unknown-after-gap-cutoff,0,0,0,0,,,0
2026-W34,2026-08-17,paper_lines,lines,all,2359,644,644,0,,,2359
2026-W34,2026-08-17,paper_lines,lines,operator-present-proxy,2359,644,644,0,,,2359
2026-W34,2026-08-17,paper_lines,lines,operator-absent-proxy,0,0,0,0,,,0
2026-W34,2026-08-17,paper_lines,lines,unknown-after-gap-cutoff,0,0,0,0,,,0
2026-W34,2026-08-17,discarded_revert_commits,commits,all,5,,,5,,,5
2026-W34,2026-08-17,discarded_revert_commits,commits,operator-present-proxy,5,,,5,,,5
2026-W34,2026-08-17,discarded_revert_commits,commits,operator-absent-proxy,0,,,0,,,0
2026-W34,2026-08-17,discarded_revert_commits,commits,unknown-after-gap-cutoff,0,,,0,,,0
2026-W34,2026-08-17,discarded_deleted_new_files,files,all,7,,,7,,,7
2026-W34,2026-08-17,discarded_deleted_new_files,files,operator-present-proxy,7,,,7,,,7
2026-W34,2026-08-17,discarded_deleted_new_files,files,operator-absent-proxy,0,,,0,,,0
2026-W34,2026-08-17,discarded_deleted_new_files,files,unknown-after-gap-cutoff,0,,,0,,,0
2026-W34,2026-08-17,discarded_isolated_cluster_files,files,all,0,,,0,,,0
2026-W34,2026-08-17,discarded_isolated_cluster_files,files,operator-present-proxy,0,,,0,,,0
2026-W34,2026-08-17,discarded_isolated_cluster_files,files,operator-absent-proxy,0,,,0,,,0
2026-W34,2026-08-17,discarded_isolated_cluster_files,files,unknown-after-gap-cutoff,0,,,0,,,0
2026-W34,2026-08-17,missing_without_observed_deletion,files,all,16,,,16,,,16
2026-W34,2026-08-17,missing_without_observed_deletion,files,operator-present-proxy,16,,,16,,,16
2026-W34,2026-08-17,missing_without_observed_deletion,files,operator-absent-proxy,0,,,0,,,0
2026-W34,2026-08-17,missing_without_observed_deletion,files,unknown-after-gap-cutoff,0,,,0,,,0
2026-W35,2026-08-24,idea_docs,files,all,123,122,122,0,105,105,0
2026-W35,2026-08-24,idea_docs,files,operator-present-proxy,123,122,122,0,105,105,0
2026-W35,2026-08-24,idea_docs,files,operator-absent-proxy,0,0,0,0,0,0,0
2026-W35,2026-08-24,idea_docs,files,unknown-after-gap-cutoff,0,0,0,0,0,0,0
2026-W35,2026-08-24,idea_claude_sections,sections,all,0,0,0,0,0,0,0
2026-W35,2026-08-24,idea_claude_sections,sections,operator-present-proxy,0,0,0,0,0,0,0
2026-W35,2026-08-24,idea_claude_sections,sections,operator-absent-proxy,0,0,0,0,0,0,0
2026-W35,2026-08-24,idea_claude_sections,sections,unknown-after-gap-cutoff,0,0,0,0,0,0,0
2026-W35,2026-08-24,idea_memory_files,files,all,,,,,,,
2026-W35,2026-08-24,idea_memory_files,files,operator-present-proxy,,,,,,,
2026-W35,2026-08-24,idea_memory_files,files,operator-absent-proxy,,,,,,,
2026-W35,2026-08-24,idea_memory_files,files,unknown-after-gap-cutoff,,,,,,,
2026-W35,2026-08-24,code_lines,lines,all,23740,19263,19263,0,15793,15793,0
2026-W35,2026-08-24,code_lines,lines,operator-present-proxy,22309,18009,18009,0,14788,14788,0
2026-W35,2026-08-24,code_lines,lines,operator-absent-proxy,1431,1254,1254,0,1005,1005,0
2026-W35,2026-08-24,code_lines,lines,unknown-after-gap-cutoff,0,0,0,0,0,0,0
2026-W35,2026-08-24,validated_test_files,files,all,66,66,66,0,66,66,0
2026-W35,2026-08-24,validated_test_files,files,operator-present-proxy,64,64,64,0,64,64,0
2026-W35,2026-08-24,validated_test_files,files,operator-absent-proxy,2,2,2,0,2,2,0
2026-W35,2026-08-24,validated_test_files,files,unknown-after-gap-cutoff,0,0,0,0,0,0,0
2026-W35,2026-08-24,validated_lean_files,files,all,577,215,215,0,,9,3
2026-W35,2026-08-24,validated_lean_files,files,operator-present-proxy,323,142,142,0,,9,3
2026-W35,2026-08-24,validated_lean_files,files,operator-absent-proxy,254,73,73,0,0,0,0
2026-W35,2026-08-24,validated_lean_files,files,unknown-after-gap-cutoff,0,0,0,0,0,0,0
2026-W35,2026-08-24,paper_commits,commits,all,96,15,15,0,,,96
2026-W35,2026-08-24,paper_commits,commits,operator-present-proxy,96,15,15,0,,,96
2026-W35,2026-08-24,paper_commits,commits,operator-absent-proxy,0,0,0,0,,,0
2026-W35,2026-08-24,paper_commits,commits,unknown-after-gap-cutoff,0,0,0,0,,,0
2026-W35,2026-08-24,paper_lines,lines,all,6245,533,533,0,,,6245
2026-W35,2026-08-24,paper_lines,lines,operator-present-proxy,6245,533,533,0,,,6245
2026-W35,2026-08-24,paper_lines,lines,operator-absent-proxy,0,0,0,0,,,0
2026-W35,2026-08-24,paper_lines,lines,unknown-after-gap-cutoff,0,0,0,0,,,0
2026-W35,2026-08-24,discarded_revert_commits,commits,all,3,,,3,,,3
2026-W35,2026-08-24,discarded_revert_commits,commits,operator-present-proxy,3,,,3,,,3
2026-W35,2026-08-24,discarded_revert_commits,commits,operator-absent-proxy,0,,,0,,,0
2026-W35,2026-08-24,discarded_revert_commits,commits,unknown-after-gap-cutoff,0,,,0,,,0
2026-W35,2026-08-24,discarded_deleted_new_files,files,all,164,,,164,,,164
2026-W35,2026-08-24,discarded_deleted_new_files,files,operator-present-proxy,164,,,164,,,164
2026-W35,2026-08-24,discarded_deleted_new_files,files,operator-absent-proxy,0,,,0,,,0
2026-W35,2026-08-24,discarded_deleted_new_files,files,unknown-after-gap-cutoff,0,,,0,,,0
2026-W35,2026-08-24,discarded_isolated_cluster_files,files,all,0,,,0,,,0
2026-W35,2026-08-24,discarded_isolated_cluster_files,files,operator-present-proxy,0,,,0,,,0
2026-W35,2026-08-24,discarded_isolated_cluster_files,files,operator-absent-proxy,0,,,0,,,0
2026-W35,2026-08-24,discarded_isolated_cluster_files,files,unknown-after-gap-cutoff,0,,,0,,,0
2026-W35,2026-08-24,missing_without_observed_deletion,files,all,711,,,711,,,711
2026-W35,2026-08-24,missing_without_observed_deletion,files,operator-present-proxy,353,,,353,,,353
2026-W35,2026-08-24,missing_without_observed_deletion,files,operator-absent-proxy,358,,,358,,,358
2026-W35,2026-08-24,missing_without_observed_deletion,files,unknown-after-gap-cutoff,0,,,0,,,0
2026-W36,2026-08-31,idea_docs,files,all,30,29,29,0,26,26,0
2026-W36,2026-08-31,idea_docs,files,operator-present-proxy,29,28,28,0,25,25,0
2026-W36,2026-08-31,idea_docs,files,operator-absent-proxy,1,1,1,0,1,1,0
2026-W36,2026-08-31,idea_docs,files,unknown-after-gap-cutoff,0,0,0,0,0,0,0
2026-W36,2026-08-31,idea_claude_sections,sections,all,0,0,0,0,0,0,0
2026-W36,2026-08-31,idea_claude_sections,sections,operator-present-proxy,0,0,0,0,0,0,0
2026-W36,2026-08-31,idea_claude_sections,sections,operator-absent-proxy,0,0,0,0,0,0,0
2026-W36,2026-08-31,idea_claude_sections,sections,unknown-after-gap-cutoff,0,0,0,0,0,0,0
2026-W36,2026-08-31,idea_memory_files,files,all,,,,,,,
2026-W36,2026-08-31,idea_memory_files,files,operator-present-proxy,,,,,,,
2026-W36,2026-08-31,idea_memory_files,files,operator-absent-proxy,,,,,,,
2026-W36,2026-08-31,idea_memory_files,files,unknown-after-gap-cutoff,,,,,,,
2026-W36,2026-08-31,code_lines,lines,all,15365,13659,13659,0,9030,9030,0
2026-W36,2026-08-31,code_lines,lines,operator-present-proxy,14000,12457,12457,0,8218,8218,0
2026-W36,2026-08-31,code_lines,lines,operator-absent-proxy,1365,1202,1202,0,812,812,0
2026-W36,2026-08-31,code_lines,lines,unknown-after-gap-cutoff,0,0,0,0,0,0,0
2026-W36,2026-08-31,validated_test_files,files,all,56,56,56,0,56,56,0
2026-W36,2026-08-31,validated_test_files,files,operator-present-proxy,43,43,43,0,43,43,0
2026-W36,2026-08-31,validated_test_files,files,operator-absent-proxy,13,13,13,0,13,13,0
2026-W36,2026-08-31,validated_test_files,files,unknown-after-gap-cutoff,0,0,0,0,0,0,0
2026-W36,2026-08-31,validated_lean_files,files,all,144,133,133,0,,85,17
2026-W36,2026-08-31,validated_lean_files,files,operator-present-proxy,85,75,75,0,,35,11
2026-W36,2026-08-31,validated_lean_files,files,operator-absent-proxy,59,58,58,0,,50,6
2026-W36,2026-08-31,validated_lean_files,files,unknown-after-gap-cutoff,0,0,0,0,0,0,0
2026-W36,2026-08-31,paper_commits,commits,all,850,33,33,0,,,850
2026-W36,2026-08-31,paper_commits,commits,operator-present-proxy,647,29,29,0,,,647
2026-W36,2026-08-31,paper_commits,commits,operator-absent-proxy,203,4,4,0,,,203
2026-W36,2026-08-31,paper_commits,commits,unknown-after-gap-cutoff,0,0,0,0,,,0
2026-W36,2026-08-31,paper_lines,lines,all,12356,331,331,0,,,12356
2026-W36,2026-08-31,paper_lines,lines,operator-present-proxy,10145,313,313,0,,,10145
2026-W36,2026-08-31,paper_lines,lines,operator-absent-proxy,2211,18,18,0,,,2211
2026-W36,2026-08-31,paper_lines,lines,unknown-after-gap-cutoff,0,0,0,0,,,0
2026-W36,2026-08-31,discarded_revert_commits,commits,all,1,,,1,,,1
2026-W36,2026-08-31,discarded_revert_commits,commits,operator-present-proxy,1,,,1,,,1
2026-W36,2026-08-31,discarded_revert_commits,commits,operator-absent-proxy,0,,,0,,,0
2026-W36,2026-08-31,discarded_revert_commits,commits,unknown-after-gap-cutoff,0,,,0,,,0
2026-W36,2026-08-31,discarded_deleted_new_files,files,all,14,,,14,,,14
2026-W36,2026-08-31,discarded_deleted_new_files,files,operator-present-proxy,13,,,13,,,13
2026-W36,2026-08-31,discarded_deleted_new_files,files,operator-absent-proxy,1,,,1,,,1
2026-W36,2026-08-31,discarded_deleted_new_files,files,unknown-after-gap-cutoff,0,,,0,,,0
2026-W36,2026-08-31,discarded_isolated_cluster_files,files,all,0,,,0,,,0
2026-W36,2026-08-31,discarded_isolated_cluster_files,files,operator-present-proxy,0,,,0,,,0
2026-W36,2026-08-31,discarded_isolated_cluster_files,files,operator-absent-proxy,0,,,0,,,0
2026-W36,2026-08-31,discarded_isolated_cluster_files,files,unknown-after-gap-cutoff,0,,,0,,,0
2026-W36,2026-08-31,missing_without_observed_deletion,files,all,8,,,8,,,8
2026-W36,2026-08-31,missing_without_observed_deletion,files,operator-present-proxy,7,,,7,,,7
2026-W36,2026-08-31,missing_without_observed_deletion,files,operator-absent-proxy,1,,,1,,,1
2026-W36,2026-08-31,missing_without_observed_deletion,files,unknown-after-gap-cutoff,0,,,0,,,0
2026-W37,2026-09-07,idea_docs,files,all,97,97,97,0,81,81,0
2026-W37,2026-09-07,idea_docs,files,operator-present-proxy,86,86,86,0,71,71,0
2026-W37,2026-09-07,idea_docs,files,operator-absent-proxy,11,11,11,0,10,10,0
2026-W37,2026-09-07,idea_docs,files,unknown-after-gap-cutoff,0,0,0,0,0,0,0
2026-W37,2026-09-07,idea_claude_sections,sections,all,3,3,3,0,0,0,0
2026-W37,2026-09-07,idea_claude_sections,sections,operator-present-proxy,3,3,3,0,0,0,0
2026-W37,2026-09-07,idea_claude_sections,sections,operator-absent-proxy,0,0,0,0,0,0,0
2026-W37,2026-09-07,idea_claude_sections,sections,unknown-after-gap-cutoff,0,0,0,0,0,0,0
2026-W37,2026-09-07,idea_memory_files,files,all,,,,,,,
2026-W37,2026-09-07,idea_memory_files,files,operator-present-proxy,,,,,,,
2026-W37,2026-09-07,idea_memory_files,files,operator-absent-proxy,,,,,,,
2026-W37,2026-09-07,idea_memory_files,files,unknown-after-gap-cutoff,,,,,,,
2026-W37,2026-09-07,code_lines,lines,all,29931,25824,25824,0,20654,20654,0
2026-W37,2026-09-07,code_lines,lines,operator-present-proxy,18741,15887,15887,0,13356,13356,0
2026-W37,2026-09-07,code_lines,lines,operator-absent-proxy,11190,9937,9937,0,7298,7298,0
2026-W37,2026-09-07,code_lines,lines,unknown-after-gap-cutoff,0,0,0,0,0,0,0
2026-W37,2026-09-07,validated_test_files,files,all,157,156,156,0,156,156,0
2026-W37,2026-09-07,validated_test_files,files,operator-present-proxy,111,110,110,0,110,110,0
2026-W37,2026-09-07,validated_test_files,files,operator-absent-proxy,46,46,46,0,46,46,0
2026-W37,2026-09-07,validated_test_files,files,unknown-after-gap-cutoff,0,0,0,0,0,0,0
2026-W37,2026-09-07,validated_lean_files,files,all,770,740,740,0,,79,11
2026-W37,2026-09-07,validated_lean_files,files,operator-present-proxy,572,548,548,0,,60,7
2026-W37,2026-09-07,validated_lean_files,files,operator-absent-proxy,198,192,192,0,,19,4
2026-W37,2026-09-07,validated_lean_files,files,unknown-after-gap-cutoff,0,0,0,0,0,0,0
2026-W37,2026-09-07,paper_commits,commits,all,194,28,28,0,,,194
2026-W37,2026-09-07,paper_commits,commits,operator-present-proxy,162,28,28,0,,,162
2026-W37,2026-09-07,paper_commits,commits,operator-absent-proxy,32,0,0,0,,,32
2026-W37,2026-09-07,paper_commits,commits,unknown-after-gap-cutoff,0,0,0,0,,,0
2026-W37,2026-09-07,paper_lines,lines,all,3922,1149,1149,0,,,3922
2026-W37,2026-09-07,paper_lines,lines,operator-present-proxy,3834,1149,1149,0,,,3834
2026-W37,2026-09-07,paper_lines,lines,operator-absent-proxy,88,0,0,0,,,88
2026-W37,2026-09-07,paper_lines,lines,unknown-after-gap-cutoff,0,0,0,0,,,0
2026-W37,2026-09-07,discarded_revert_commits,commits,all,2,,,2,,,2
2026-W37,2026-09-07,discarded_revert_commits,commits,operator-present-proxy,2,,,2,,,2
2026-W37,2026-09-07,discarded_revert_commits,commits,operator-absent-proxy,0,,,0,,,0
2026-W37,2026-09-07,discarded_revert_commits,commits,unknown-after-gap-cutoff,0,,,0,,,0
2026-W37,2026-09-07,discarded_deleted_new_files,files,all,41,,,41,,,41
2026-W37,2026-09-07,discarded_deleted_new_files,files,operator-present-proxy,35,,,35,,,35
2026-W37,2026-09-07,discarded_deleted_new_files,files,operator-absent-proxy,6,,,6,,,6
2026-W37,2026-09-07,discarded_deleted_new_files,files,unknown-after-gap-cutoff,0,,,0,,,0
2026-W37,2026-09-07,discarded_isolated_cluster_files,files,all,7,,,7,,,7
2026-W37,2026-09-07,discarded_isolated_cluster_files,files,operator-present-proxy,0,,,0,,,0
2026-W37,2026-09-07,discarded_isolated_cluster_files,files,operator-absent-proxy,7,,,7,,,7
2026-W37,2026-09-07,discarded_isolated_cluster_files,files,unknown-after-gap-cutoff,0,,,0,,,0
2026-W37,2026-09-07,missing_without_observed_deletion,files,all,23,,,23,,,23
2026-W37,2026-09-07,missing_without_observed_deletion,files,operator-present-proxy,22,,,22,,,22
2026-W37,2026-09-07,missing_without_observed_deletion,files,operator-absent-proxy,1,,,1,,,1
2026-W37,2026-09-07,missing_without_observed_deletion,files,unknown-after-gap-cutoff,0,,,0,,,0
2026-W38,2026-09-14,idea_docs,files,all,39,39,39,0,26,26,0
2026-W38,2026-09-14,idea_docs,files,operator-present-proxy,39,39,39,0,26,26,0
2026-W38,2026-09-14,idea_docs,files,operator-absent-proxy,0,0,0,0,0,0,0
2026-W38,2026-09-14,idea_docs,files,unknown-after-gap-cutoff,0,0,0,0,0,0,0
2026-W38,2026-09-14,idea_claude_sections,sections,all,20,18,18,0,1,1,0
2026-W38,2026-09-14,idea_claude_sections,sections,operator-present-proxy,20,18,18,0,1,1,0
2026-W38,2026-09-14,idea_claude_sections,sections,operator-absent-proxy,0,0,0,0,0,0,0
2026-W38,2026-09-14,idea_claude_sections,sections,unknown-after-gap-cutoff,0,0,0,0,0,0,0
2026-W38,2026-09-14,idea_memory_files,files,all,,,,,,,
2026-W38,2026-09-14,idea_memory_files,files,operator-present-proxy,,,,,,,
2026-W38,2026-09-14,idea_memory_files,files,operator-absent-proxy,,,,,,,
2026-W38,2026-09-14,idea_memory_files,files,unknown-after-gap-cutoff,,,,,,,
2026-W38,2026-09-14,code_lines,lines,all,33780,30575,30575,0,23823,23823,0
2026-W38,2026-09-14,code_lines,lines,operator-present-proxy,33437,30241,30241,0,23489,23489,0
2026-W38,2026-09-14,code_lines,lines,operator-absent-proxy,343,334,334,0,334,334,0
2026-W38,2026-09-14,code_lines,lines,unknown-after-gap-cutoff,0,0,0,0,0,0,0
2026-W38,2026-09-14,validated_test_files,files,all,181,175,175,0,175,175,0
2026-W38,2026-09-14,validated_test_files,files,operator-present-proxy,179,174,174,0,174,174,0
2026-W38,2026-09-14,validated_test_files,files,operator-absent-proxy,2,1,1,0,1,1,0
2026-W38,2026-09-14,validated_test_files,files,unknown-after-gap-cutoff,0,0,0,0,0,0,0
2026-W38,2026-09-14,validated_lean_files,files,all,126,126,126,0,,61,65
2026-W38,2026-09-14,validated_lean_files,files,operator-present-proxy,126,126,126,0,,61,65
2026-W38,2026-09-14,validated_lean_files,files,operator-absent-proxy,0,0,0,0,0,0,0
2026-W38,2026-09-14,validated_lean_files,files,unknown-after-gap-cutoff,0,0,0,0,0,0,0
2026-W38,2026-09-14,paper_commits,commits,all,495,12,12,0,,,495
2026-W38,2026-09-14,paper_commits,commits,operator-present-proxy,486,11,11,0,,,486
2026-W38,2026-09-14,paper_commits,commits,operator-absent-proxy,9,1,1,0,,,9
2026-W38,2026-09-14,paper_commits,commits,unknown-after-gap-cutoff,0,0,0,0,,,0
2026-W38,2026-09-14,paper_lines,lines,all,24176,445,445,0,,,24176
2026-W38,2026-09-14,paper_lines,lines,operator-present-proxy,23884,444,444,0,,,23884
2026-W38,2026-09-14,paper_lines,lines,operator-absent-proxy,292,1,1,0,,,292
2026-W38,2026-09-14,paper_lines,lines,unknown-after-gap-cutoff,0,0,0,0,,,0
2026-W38,2026-09-14,discarded_revert_commits,commits,all,4,,,4,,,4
2026-W38,2026-09-14,discarded_revert_commits,commits,operator-present-proxy,4,,,4,,,4
2026-W38,2026-09-14,discarded_revert_commits,commits,operator-absent-proxy,0,,,0,,,0
2026-W38,2026-09-14,discarded_revert_commits,commits,unknown-after-gap-cutoff,0,,,0,,,0
2026-W38,2026-09-14,discarded_deleted_new_files,files,all,49,,,49,,,49
2026-W38,2026-09-14,discarded_deleted_new_files,files,operator-present-proxy,48,,,48,,,48
2026-W38,2026-09-14,discarded_deleted_new_files,files,operator-absent-proxy,1,,,1,,,1
2026-W38,2026-09-14,discarded_deleted_new_files,files,unknown-after-gap-cutoff,0,,,0,,,0
2026-W38,2026-09-14,discarded_isolated_cluster_files,files,all,0,,,0,,,0
2026-W38,2026-09-14,discarded_isolated_cluster_files,files,operator-present-proxy,0,,,0,,,0
2026-W38,2026-09-14,discarded_isolated_cluster_files,files,operator-absent-proxy,0,,,0,,,0
2026-W38,2026-09-14,discarded_isolated_cluster_files,files,unknown-after-gap-cutoff,0,,,0,,,0
2026-W38,2026-09-14,missing_without_observed_deletion,files,all,0,,,0,,,0
2026-W38,2026-09-14,missing_without_observed_deletion,files,operator-present-proxy,0,,,0,,,0
2026-W38,2026-09-14,missing_without_observed_deletion,files,operator-absent-proxy,0,,,0,,,0
2026-W38,2026-09-14,missing_without_observed_deletion,files,unknown-after-gap-cutoff,0,,,0,,,0
2026-W39,2026-09-21,idea_docs,files,all,5,5,5,0,4,4,0
2026-W39,2026-09-21,idea_docs,files,operator-present-proxy,3,3,3,0,2,2,0
2026-W39,2026-09-21,idea_docs,files,operator-absent-proxy,0,0,0,0,0,0,0
2026-W39,2026-09-21,idea_docs,files,unknown-after-gap-cutoff,2,2,2,0,2,2,0
2026-W39,2026-09-21,idea_claude_sections,sections,all,0,0,0,0,0,0,0
2026-W39,2026-09-21,idea_claude_sections,sections,operator-present-proxy,0,0,0,0,0,0,0
2026-W39,2026-09-21,idea_claude_sections,sections,operator-absent-proxy,0,0,0,0,0,0,0
2026-W39,2026-09-21,idea_claude_sections,sections,unknown-after-gap-cutoff,0,0,0,0,0,0,0
2026-W39,2026-09-21,idea_memory_files,files,all,,,,,,,
2026-W39,2026-09-21,idea_memory_files,files,operator-present-proxy,,,,,,,
2026-W39,2026-09-21,idea_memory_files,files,operator-absent-proxy,,,,,,,
2026-W39,2026-09-21,idea_memory_files,files,unknown-after-gap-cutoff,,,,,,,
2026-W39,2026-09-21,code_lines,lines,all,6767,6434,6434,0,5034,5034,0
2026-W39,2026-09-21,code_lines,lines,operator-present-proxy,5500,5208,5208,0,4024,4024,0
2026-W39,2026-09-21,code_lines,lines,operator-absent-proxy,0,0,0,0,0,0,0
2026-W39,2026-09-21,code_lines,lines,unknown-after-gap-cutoff,1267,1226,1226,0,1010,1010,0
2026-W39,2026-09-21,validated_test_files,files,all,60,60,60,0,60,60,0
2026-W39,2026-09-21,validated_test_files,files,operator-present-proxy,45,45,45,0,45,45,0
2026-W39,2026-09-21,validated_test_files,files,operator-absent-proxy,0,0,0,0,0,0,0
2026-W39,2026-09-21,validated_test_files,files,unknown-after-gap-cutoff,15,15,15,0,15,15,0
2026-W39,2026-09-21,validated_lean_files,files,all,2,2,2,0,2,2,0
2026-W39,2026-09-21,validated_lean_files,files,operator-present-proxy,2,2,2,0,2,2,0
2026-W39,2026-09-21,validated_lean_files,files,operator-absent-proxy,0,0,0,0,0,0,0
2026-W39,2026-09-21,validated_lean_files,files,unknown-after-gap-cutoff,0,0,0,0,0,0,0
2026-W39,2026-09-21,paper_commits,commits,all,12,5,5,0,,,12
2026-W39,2026-09-21,paper_commits,commits,operator-present-proxy,11,5,5,0,,,11
2026-W39,2026-09-21,paper_commits,commits,operator-absent-proxy,1,0,0,0,,,1
2026-W39,2026-09-21,paper_commits,commits,unknown-after-gap-cutoff,0,0,0,0,,,0
2026-W39,2026-09-21,paper_lines,lines,all,409,72,72,0,,,409
2026-W39,2026-09-21,paper_lines,lines,operator-present-proxy,336,72,72,0,,,336
2026-W39,2026-09-21,paper_lines,lines,operator-absent-proxy,73,0,0,0,,,73
2026-W39,2026-09-21,paper_lines,lines,unknown-after-gap-cutoff,0,0,0,0,,,0
2026-W39,2026-09-21,discarded_revert_commits,commits,all,2,,,2,,,2
2026-W39,2026-09-21,discarded_revert_commits,commits,operator-present-proxy,2,,,2,,,2
2026-W39,2026-09-21,discarded_revert_commits,commits,operator-absent-proxy,0,,,0,,,0
2026-W39,2026-09-21,discarded_revert_commits,commits,unknown-after-gap-cutoff,0,,,0,,,0
2026-W39,2026-09-21,discarded_deleted_new_files,files,all,1,,,1,,,1
2026-W39,2026-09-21,discarded_deleted_new_files,files,operator-present-proxy,1,,,1,,,1
2026-W39,2026-09-21,discarded_deleted_new_files,files,operator-absent-proxy,0,,,0,,,0
2026-W39,2026-09-21,discarded_deleted_new_files,files,unknown-after-gap-cutoff,0,,,0,,,0
2026-W39,2026-09-21,discarded_isolated_cluster_files,files,all,0,,,0,,,0
2026-W39,2026-09-21,discarded_isolated_cluster_files,files,operator-present-proxy,0,,,0,,,0
2026-W39,2026-09-21,discarded_isolated_cluster_files,files,operator-absent-proxy,0,,,0,,,0
2026-W39,2026-09-21,discarded_isolated_cluster_files,files,unknown-after-gap-cutoff,0,,,0,,,0
2026-W39,2026-09-21,missing_without_observed_deletion,files,all,0,,,0,,,0
2026-W39,2026-09-21,missing_without_observed_deletion,files,operator-present-proxy,0,,,0,,,0
2026-W39,2026-09-21,missing_without_observed_deletion,files,operator-absent-proxy,0,,,0,,,0
2026-W39,2026-09-21,missing_without_observed_deletion,files,unknown-after-gap-cutoff,0,,,0,,,0
